geo_id,land,provincie,stad,regio
1,Sweden,Stockholm,Stockholm,North
2,United Kingdom,England,Southport,North
3,France,Auvergne-Rhône-Alpes,Valence,Central
4,United Kingdom,England,Birmingham,North
5,France,Auvergne-Rhône-Alpes,Echirolles,Central
6,France,Provence-Alpes-Côte d'Azur,La Seyne-sur-Mer,Central
7,France,Languedoc-Roussillon-Midi-Pyrénées,Toulouse,Central
8,Italy,Liguria,Genoa,South
9,Austria,Vienna,Vienna,Central
10,Spain,Murcia,Murcia,South
11,United Kingdom,England,Woking,North
12,Germany,Lower Saxony,Lohne,Central
13,United Kingdom,England,Leicester,North
14,United Kingdom,England,Sheffield,North
15,Netherlands,South Holland,Dordrecht,Central
16,Sweden,Västra Götaland,Gothenburg,North
17,Germany,Lower Saxony,Langen,Central
18,Denmark,Hovedstaden,Copenhagen,North
19,Spain,Valenciana,Gandia,South
20,Denmark,South Denmark,Esbjerg,North
21,Italy,Lombardy,Sesto San Giovanni,South
22,Italy,Sicily,Trapani,South
23,France,Ile-de-France,Villiers-sur-Marne,Central
24,Germany,North Rhine-Westphalia,Bielefeld,Central
25,Belgium,Flemish Brabant,Leuven,Central
26,Italy,Tuscany,Prato,South
27,Italy,Sicily,Gela,South
28,Italy,Emilia-Romagna,Bologna,South
29,Germany,North Rhine-Westphalia,Menden,Central
30,France,Ile-de-France,Maisons-Alfort,Central
31,Spain,Madrid,Madrid,South
32,Norway,Oslo,Oslo,North
33,Portugal,Lisboa,Lisbon,South
34,France,Provence-Alpes-Côte d'Azur,Draguignan,Central
35,Germany,North Rhine-Westphalia,Halle,Central
36,Italy,Emilia-Romagna,Parma,South
37,Germany,Saxony,Dresden,Central
38,Spain,Andalusía,Seville,South
39,Spain,Valenciana,Torrevieja,South
40,Spain,Catalonia,Barcelona,South
41,United Kingdom,England,London,North
42,France,Alsace-Champagne-Ardenne-Lorraine,Reims,Central
43,Germany,Bavaria,Rosenheim,Central
44,Sweden,Uppsala,Uppsala,North
45,France,Provence-Alpes-Côte d'Azur,Nice,Central
46,France,Nord-Pas-de-Calais-Picardie,Boulogne-sur-Mer,Central
47,France,Provence-Alpes-Côte d'Azur,La Crau,Central
48,Italy,Tuscany,Siena,South
49,Germany,Hesse,Frankfurt,Central
50,Netherlands,Overijssel,Almelo,Central
51,Switzerland,Basel-Stadt,Basel,Central
52,Spain,Madrid,Coslada,South
53,France,Provence-Alpes-Côte d'Azur,Marseille,Central
54,Germany,Lower Saxony,Hanover,Central
55,Spain,Valenciana,Elda,South
56,Netherlands,Overijssel,Hardenberg,Central
57,France,Languedoc-Roussillon-Midi-Pyrénées,Muret,Central
58,France,Bourgogne-Franche-Comté,Beaune,Central
59,France,Ile-de-France,Paris,Central
60,Germany,North Rhine-Westphalia,Castrop-Rauxel,Central
61,Italy,Lombardy,Milan,South
62,Switzerland,Zürich,Zurich,Central
63,Italy,Tuscany,Grosseto,South
64,Ireland,Dublin,Dublin,North
65,Italy,Lazio,Rome,South
66,Belgium,Namur,Namur,Central
67,Netherlands,North Holland,Zaanstad,Central
68,Germany,North Rhine-Westphalia,Bochum,Central
69,France,Alsace-Champagne-Ardenne-Lorraine,Colmar,Central
70,United Kingdom,England,Farnborough,North
71,Germany,Berlin,Berlin,Central
72,Italy,Emilia-Romagna,Rimini,South
73,Germany,Baden-Württemberg,Baden-Baden,Central
74,Germany,Baden-Württemberg,Pforzheim,Central
75,United Kingdom,England,Coventry,North
76,France,Aquitaine-Limousin-Poitou-Charentes,Pessac,Central
77,Finland,Uusimaa,Helsinki,North
78,Germany,North Rhine-Westphalia,Bonn,Central
79,Germany,Saxony,Leipzig,Central
80,France,Nord-Pas-de-Calais-Picardie,Tourcoing,Central
81,Italy,Apulia,Bari,South
82,Germany,Saxony-Anhalt,Magdeburg,Central
83,France,Ile-de-France,Noisy-le-Sec,Central
84,Norway,Rogaland,Stavanger,North
85,Italy,Sardinia,Cagliari,South
86,Italy,Sicily,Marsala,South
87,Netherlands,Drenthe,Emmen,Central
88,Germany,Bavaria,Augsburg,Central
89,Germany,Mecklenburg-Vorpommern,Stralsund,Central
90,France,Languedoc-Roussillon-Midi-Pyrénées,Carcassonne,Central
91,Germany,Bavaria,Munich,Central
92,United Kingdom,England,Wigan,North
93,Netherlands,North Brabant,Helmond,Central
94,France,Languedoc-Roussillon-Midi-Pyrénées,Castres,Central
95,Italy,Umbria,Foligno,South
96,Germany,North Rhine-Westphalia,Hamm,Central
97,Germany,North Rhine-Westphalia,Troisdorf,Central
98,Switzerland,Geneva,Geneva,Central
99,United Kingdom,England,Newcastle upon Tyne,North
100,Italy,Veneto,Treviso,South
101,France,Normandy,Le Havre,Central
102,United Kingdom,Scotland,Edinburgh,North
103,France,Auvergne-Rhône-Alpes,Saint-Priest,Central
104,France,Languedoc-Roussillon-Midi-Pyrénées,Lattes,Central
105,France,Ile-de-France,Le Blanc-Mesnil,Central
106,Germany,North Rhine-Westphalia,Essen,Central
107,Portugal,Coimbra,Coimbra,South
108,Spain,Castile and León,Ponferrada,South
109,Sweden,Stockholm,Nacka,North
110,United Kingdom,England,Crewe,North
111,Germany,North Rhine-Westphalia,Duisburg,Central
112,France,Ile-de-France,Montigny-le-Bretonneux,Central
113,Netherlands,Gelderland,Apeldoorn,Central
114,Italy,Apulia,Brindisi,South
115,Germany,Hamburg,Hamburg,Central
116,France,Ile-de-France,Fontainebleau,Central
117,France,Auvergne-Rhône-Alpes,Riom,Central
118,France,Aquitaine-Limousin-Poitou-Charentes,Limoges,Central
119,Germany,Brandenburg,Potsdam,Central
120,United Kingdom,England,Lowestoft,North
121,Spain,Valenciana,Elx,South
122,France,Ile-de-France,Sannois,Central
123,Netherlands,South Holland,Rotterdam,Central
124,United Kingdom,England,Halifax,North
125,Spain,Catalonia,Rubí,South
126,France,Normandy,Le Petit-Quevilly,Central
127,Netherlands,Gelderland,Nijmegen,Central
128,France,Alsace-Champagne-Ardenne-Lorraine,Chaumont,Central
129,France,Normandy,Vernon,Central
130,France,Pays de la Loire,Cholet,Central
131,Italy,Emilia-Romagna,Cesena,South
132,France,Nord-Pas-de-Calais-Picardie,Nogent-sur-Oise,Central
133,Belgium,Antwerp,Antwerp,Central
134,France,Ile-de-France,Pontoise,Central
135,Germany,North Rhine-Westphalia,Krefeld,Central
136,Germany,Bremen,Bremen,Central
137,Germany,North Rhine-Westphalia,Moers,Central
138,Germany,Baden-Württemberg,Ulm,Central
139,Germany,Thuringia,Erfurt,Central
140,United Kingdom,England,Watford,North
141,Spain,Madrid,Alcobendas,South
142,Netherlands,North Holland,Amsterdam,Central
143,Portugal,Porto,Porto,South
144,France,Ile-de-France,Champigny-sur-Marne,Central
145,United Kingdom,England,Dudley,North
146,Netherlands,Utrecht,Utrecht,Central
147,France,Aquitaine-Limousin-Poitou-Charentes,Bordeaux,Central
148,Italy,Sicily,Messina,South
149,France,Ile-de-France,Vincennes,Central
150,France,Ile-de-France,Neuilly-sur-Marne,Central
151,France,Ile-de-France,Argenteuil,Central
152,Italy,Sardinia,Quartu Sant'Elena,South
153,Spain,Castile-La Mancha,Toledo,South
154,France,Brittany,Rennes,Central
155,Netherlands,North Brabant,Breda,Central
156,Italy,Campania,Naples,South
157,France,Normandy,Lisieux,Central
158,United Kingdom,England,Portsmouth,North
159,Germany,North Rhine-Westphalia,Pulheim,Central
160,United Kingdom,England,Luton,North
161,France,Aquitaine-Limousin-Poitou-Charentes,Talence,Central
162,France,Ile-de-France,Deuil-la-Barre,Central
163,France,Auvergne-Rhône-Alpes,Lyon,Central
164,Ireland,Cork,Cork,North
165,United Kingdom,England,Warrington,North
166,Netherlands,Groningen,Groningen,Central
167,France,Alsace-Champagne-Ardenne-Lorraine,Strasbourg,Central
168,France,Auvergne-Rhône-Alpes,Oyonnax,Central
169,Germany,North Rhine-Westphalia,Cologne,Central
170,United Kingdom,England,Colchester,North
171,France,Ile-de-France,Drancy,Central
172,Germany,Baden-Württemberg,Mannheim,Central
173,France,Normandy,Evreux,Central
174,United Kingdom,England,Norwich,North
175,United Kingdom,England,Southend-on-Sea,North
176,Italy,Sicily,Palermo,South
177,United Kingdom,England,Worcester,North
178,Belgium,East Flanders,Ghent,Central
179,United Kingdom,England,Chatham,North
180,Spain,Ceuta,Ceuta,South
181,Germany,North Rhine-Westphalia,Remscheid,Central
182,France,Nord-Pas-de-Calais-Picardie,Hautmont,Central
183,France,Nord-Pas-de-Calais-Picardie,Lille,Central
184,Italy,Lazio,Aprilia,South
185,France,Auvergne-Rhône-Alpes,Thonon-les-Bains,Central
186,France,Ile-de-France,Vitry-sur-Seine,Central
187,Italy,Veneto,Venice,South
188,Germany,Bavaria,Bamberg,Central
189,United Kingdom,England,Bolton,North
190,Sweden,Halland,Halmstad,North
191,Denmark,South Denmark,Odense,North
192,United Kingdom,England,Wallasey,North
193,France,Aquitaine-Limousin-Poitou-Charentes,Lormont,Central
194,United Kingdom,England,Wolverhampton,North
195,Spain,Castile and León,Valladolid,South
196,Spain,Navarra,Pamplona,South
197,United Kingdom,England,Mansfield,North
198,France,Languedoc-Roussillon-Midi-Pyrénées,Perpignan,Central
199,United Kingdom,England,Weston-super-Mare,North
200,Germany,North Rhine-Westphalia,Hagen,Central
201,Germany,North Rhine-Westphalia,Minden,Central
202,Germany,Rhineland-Palatinate,Ludwigshafen am Rhein,Central
203,Netherlands,Overijssel,Zwolle,Central
204,Netherlands,Limburg,Roermond,Central
205,Germany,Baden-Württemberg,Freiburg,Central
206,France,Auvergne-Rhône-Alpes,Roanne,Central
207,Spain,Madrid,Las Rozas de Madrid,South
208,France,Aquitaine-Limousin-Poitou-Charentes,Mont-de-Marsan,Central
209,Italy,Lombardy,Gallarate,South
210,Germany,Hesse,Wiesbaden,Central
211,France,Provence-Alpes-Côte d'Azur,Saint-Laurent-du-Var,Central
212,United Kingdom,Scotland,Glasgow,North
213,Spain,Andalusía,Torremolinos,South
214,France,Aquitaine-Limousin-Poitou-Charentes,Anglet,Central
215,France,Aquitaine-Limousin-Poitou-Charentes,Bressuire,Central
216,Germany,North Rhine-Westphalia,Gronau,Central
217,United Kingdom,England,Rochdale,North
218,Germany,Baden-Württemberg,Villingen-Schwenningen,Central
219,France,Ile-de-France,Les Lilas,Central
220,Austria,Upper Austria,Linz,Central
221,Germany,Lower Saxony,Langenhagen,Central
222,Germany,Brandenburg,Cottbus,Central
223,United Kingdom,England,Bideford,North
224,France,Brittany,Landerneau,Central
225,United Kingdom,England,Derby,North
226,Finland,Uusimaa,Vantaa,North
227,United Kingdom,England,Aylesbury,North
228,United Kingdom,England,Hastings,North
229,Portugal,Porto,Vila Nova de Gaia,South
230,Germany,Baden-Württemberg,Stuttgart,Central
231,Spain,Catalonia,Reus,South
232,Italy,Apulia,Cerignola,South
233,France,Nord-Pas-de-Calais-Picardie,La Madeleine,Central
234,Netherlands,South Holland,The Hague,Central
235,Germany,Mecklenburg-Vorpommern,Rostock,Central
236,Germany,North Rhine-Westphalia,Leverkusen,Central
237,France,Aquitaine-Limousin-Poitou-Charentes,Cestas,Central
238,United Kingdom,England,Huddersfield,North
239,Germany,Bavaria,Passau,Central
240,France,Aquitaine-Limousin-Poitou-Charentes,Biarritz,Central
241,France,Provence-Alpes-Côte d'Azur,Aix-en-Provence,Central
242,United Kingdom,England,Ashford,North
243,Germany,Schleswig-Holstein,Kiel,Central
244,Austria,Tyrol,Innsbruck,Central
245,France,Bourgogne-Franche-Comté,Belfort,Central
246,France,Ile-de-France,Fontenay-aux-Roses,Central
247,France,Ile-de-France,Courbevoie,Central
248,France,Corsica,Ajaccio,Central
249,United Kingdom,England,Harrow,North
250,Germany,North Rhine-Westphalia,Arnsberg,Central
251,Italy,Apulia,Altamura,South
252,France,Provence-Alpes-Côte d'Azur,Vallauris,Central
253,Spain,Valenciana,Valencia,South
254,Italy,Trentino-Alto Adige,Trento,South
255,Germany,Saxony-Anhalt,Halle,Central
256,United Kingdom,England,Sunderland,North
257,Spain,Catalonia,Tarragona,South
258,Italy,Lombardy,Como,South
259,United Kingdom,England,Manchester,North
260,Germany,Mecklenburg-Vorpommern,Schwerin,Central
261,United Kingdom,England,Harrogate,North
262,Spain,Catalonia,Sant Boi de Llobregat,South
263,Netherlands,Gelderland,Arnhem,Central
264,France,Ile-de-France,Cergy,Central
265,France,Ile-de-France,Noisy-le-Grand,Central
266,Switzerland,Vaud,Lausanne,Central
267,United Kingdom,England,Bristol,North
268,France,Alsace-Champagne-Ardenne-Lorraine,Saint-Avold,Central
269,France,Languedoc-Roussillon-Midi-Pyrénées,Montpellier,Central
270,United Kingdom,England,High Wycombe,North
271,Italy,Tuscany,Lucca,South
272,Italy,Piedmont,Turin,South
273,France,Provence-Alpes-Côte d'Azur,Menton,Central
274,Italy,Calabria,Crotone,South
275,France,Pays de la Loire,Vertou,Central
276,United Kingdom,Scotland,Paisley,North
277,Spain,Galicia,Vigo,South
278,France,Nord-Pas-de-Calais-Picardie,Roubaix,Central
279,France,Ile-de-France,Taverny,Central
280,United Kingdom,England,Chester,North
281,Italy,Veneto,Vicenza,South
282,Germany,North Rhine-Westphalia,Wuppertal,Central
283,Germany,North Rhine-Westphalia,Herne,Central
284,Norway,Buskerud,Drammen,North
285,Germany,Thuringia,Jena,Central
286,Germany,Baden-Württemberg,Friedrichshafen,Central
287,France,Nord-Pas-de-Calais-Picardie,Wattrelos,Central
288,France,Ile-de-France,Orsay,Central
289,France,Centre-Val de Loire,Dreux,Central
290,Italy,Emilia-Romagna,Reggio nell'Emilia,South
291,Spain,Castile and León,Salamanca,South
292,Germany,North Rhine-Westphalia,Oberhausen,Central
293,Spain,Galicia,Lugo,South
294,France,Ile-de-France,Neuilly-sur-Seine,Central
295,Germany,Hesse,Offenbach,Central
296,Spain,Valenciana,Alicante,South
297,United Kingdom,England,Northampton,North
298,United Kingdom,England,Darlington,North
299,Germany,Saxony,Zwickau,Central
300,France,Ile-de-France,Aulnay-sous-Bois,Central
301,Germany,Baden-Württemberg,Karlsruhe,Central
302,United Kingdom,England,Loughborough,North
303,Germany,Thuringia,Gera,Central
304,Italy,Emilia-Romagna,Vignola,South
305,France,Ile-de-France,Poissy,Central
306,United Kingdom,England,Blackburn,North
307,United Kingdom,Scotland,Cumbernauld,North
308,United Kingdom,England,Plymouth,North
309,Italy,Sicily,Catania,South
310,United Kingdom,England,Leeds,North
311,Italy,Trentino-Alto Adige,Bolzano,South
312,France,Pays de la Loire,La Baule-Escoublac,Central
313,United Kingdom,England,York,North
314,Italy,Apulia,Molfetta,South
315,France,Alsace-Champagne-Ardenne-Lorraine,Verdun,Central
316,United Kingdom,England,Birkenhead,North
317,France,Nord-Pas-de-Calais-Picardie,Beauvais,Central
318,France,Nord-Pas-de-Calais-Picardie,Arras,Central
319,United Kingdom,England,Littlehampton,North
320,France,Brittany,Saint-Malo,Central
321,France,Bourgogne-Franche-Comté,Dijon,Central
322,Italy,Tuscany,Carrara,South
323,Austria,Styria,Graz,Central
324,France,Brittany,Quimper,Central
325,United Kingdom,England,Gloucester,North
326,Italy,Tuscany,Massa,South
327,Spain,Andalusía,Dos Hermanas,South
328,Italy,Abruzzi,Pescara,South
329,Italy,Piedmont,Novara,South
330,France,Ile-de-France,Montreuil,Central
331,United Kingdom,England,Stockton-on-Tees,North
332,Germany,North Rhine-Westphalia,Recklinghausen,Central
333,United Kingdom,England,Waterlooville,North
334,France,Languedoc-Roussillon-Midi-Pyrénées,Frontignan,Central
335,Germany,Rhineland-Palatinate,Trier,Central
336,Germany,Baden-Württemberg,Heilbronn,Central
337,Germany,North Rhine-Westphalia,Aachen,Central
338,Spain,Basque Country,Bilbao,South
339,France,Ile-de-France,Saint-Ouen,Central
340,France,Ile-de-France,Alfortville,Central
341,United Kingdom,England,Preston,North
342,Italy,Emilia-Romagna,Ferrara,South
343,France,Auvergne-Rhône-Alpes,Clermont-Ferrand,Central
344,France,Provence-Alpes-Côte d'Azur,Digne-les-Bains,Central
345,Italy,Campania,Pozzuoli,South
346,United Kingdom,England,Slough,North
347,Germany,Schleswig-Holstein,Norderstedt,Central
348,Germany,Bavaria,Nuremberg,Central
349,United Kingdom,England,Ipswich,North
350,France,Provence-Alpes-Côte d'Azur,Allauch,Central
351,Italy,Lombardy,Cinisello Balsamo,South
352,Germany,Lower Saxony,Hildesheim,Central
353,France,Pays de la Loire,Laval,Central
354,Italy,Campania,Ercolano,South
355,France,Ile-de-France,Longjumeau,Central
356,Germany,North Rhine-Westphalia,Herten,Central
357,United Kingdom,England,Stockport,North
358,Spain,Catalonia,Girona,South
359,Spain,Cantabria,Santander,South
360,France,Provence-Alpes-Côte d'Azur,Mougins,Central
361,Italy,Veneto,Rovigo,South
362,France,Brittany,Vannes,Central
363,France,Provence-Alpes-Côte d'Azur,Antibes,Central
364,Germany,North Rhine-Westphalia,Hattingen,Central
365,United Kingdom,England,Guildford,North
366,Spain,Andalusía,Fuengirola,South
367,Italy,Tuscany,Florence,South
368,Germany,North Rhine-Westphalia,Velbert,Central
369,France,Ile-de-France,Grigny,Central
370,Netherlands,North Holland,Haarlem,Central
371,Spain,Andalusía,Mijas,South
372,United Kingdom,England,Hove,North
373,Belgium,Limburg,Genk,Central
374,France,Auvergne-Rhône-Alpes,Villeurbanne,Central
375,Germany,North Rhine-Westphalia,Siegen,Central
376,France,Auvergne-Rhône-Alpes,Grenoble,Central
377,Spain,Murcia,Cartagena,South
378,Germany,Mecklenburg-Vorpommern,Greifswald,Central
379,France,Auvergne-Rhône-Alpes,Firminy,Central
380,Italy,Apulia,Foggia,South
381,Italy,Sicily,Vittoria,South
382,United Kingdom,England,Nottingham,North
383,France,Languedoc-Roussillon-Midi-Pyrénées,Lunel,Central
384,United Kingdom,England,Peterborough,North
385,Italy,Emilia-Romagna,Ravenna,South
386,France,Provence-Alpes-Côte d'Azur,Cannes,Central
387,Portugal,Lisboa,Amadora,South
388,Spain,Asturias,Oviedo,South
389,France,Aquitaine-Limousin-Poitou-Charentes,La Rochelle,Central
390,France,Ile-de-France,Rosny-sous-Bois,Central
391,France,Ile-de-France,Marly-le-Roi,Central
392,Finland,Finland Proper,Turku,North
393,United Kingdom,England,Walsall,North
394,Germany,North Rhine-Westphalia,Herford,Central
395,France,Pays de la Loire,Nantes,Central
396,France,Auvergne-Rhône-Alpes,Oullins,Central
397,Spain,Madrid,Valdemoro,South
398,France,Aquitaine-Limousin-Poitou-Charentes,Bayonne,Central
399,Spain,Catalonia,Manresa,South
400,Germany,North Rhine-Westphalia,Dortmund,Central
401,France,Ile-de-France,Bry-sur-Marne,Central
402,Spain,Murcia,Molina de Segura,South
403,Germany,Bavaria,Regensburg,Central
404,Spain,Castile and León,Zamora,South
405,United Kingdom,England,Blackpool,North
406,France,Ile-de-France,Villeparisis,Central
407,Italy,Veneto,Verona,South
408,Germany,Hesse,Darmstadt,Central
409,France,Languedoc-Roussillon-Midi-Pyrénées,Plaisance-du-Touch,Central
410,United Kingdom,England,Cheltenham,North
411,France,Auvergne-Rhône-Alpes,Givors,Central
412,United Kingdom,England,Tamworth,North
413,France,Normandy,Rouen,Central
414,Spain,Andalusía,Marbella,South
415,Germany,Hesse,Kassel,Central
416,Netherlands,Overijssel,Enschede,Central
417,Germany,Mecklenburg-Vorpommern,Neubrandenburg,Central
418,Sweden,Stockholm,Haninge,North
419,United Kingdom,England,Carlisle,North
420,France,Nord-Pas-de-Calais-Picardie,Laon,Central
421,Germany,North Rhine-Westphalia,Iserlohn,Central
422,Netherlands,Drenthe,Assen,Central
423,United Kingdom,Scotland,East Kilbride,North
424,United Kingdom,England,Runcorn,North
425,United Kingdom,England,Gosport,North
426,France,Auvergne-Rhône-Alpes,Rillieux-la-Pape,Central
427,France,Ile-de-France,Montrouge,Central
428,France,Ile-de-France,Corbeil-Essonnes,Central
429,Italy,Lazio,Fiumicino,South
430,France,Aquitaine-Limousin-Poitou-Charentes,Agen,Central
431,Germany,Bavaria,Aschaffenburg,Central
432,Norway,Rogaland,Sandnes,North
433,France,Alsace-Champagne-Ardenne-Lorraine,Mulhouse,Central
434,United Kingdom,England,Hinckley,North
435,Denmark,Central Jutland,Randers,North
436,Italy,Umbria,Perugia,South
437,Italy,Sardinia,Sassari,South
438,United Kingdom,England,Cambridge,North
439,Italy,Lombardy,Busto Arsizio,South
440,France,Centre-Val de Loire,Chartres,Central
441,Spain,Castile-La Mancha,Puertollano,South
442,France,Ile-de-France,Vanves,Central
443,United Kingdom,Scotland,Dundee,North
444,Portugal,Lisboa,Odivelas,South
445,France,Ile-de-France,Nanterre,Central
446,United Kingdom,England,Kingswood,North
447,Spain,Valenciana,Orihuela,South
448,France,Auvergne-Rhône-Alpes,Meyzieu,Central
449,Germany,Lower Saxony,Wolfsburg,Central
450,United Kingdom,Wales,Barry,North
451,Germany,North Rhine-Westphalia,Viersen,Central
452,France,Languedoc-Roussillon-Midi-Pyrénées,Tarbes,Central
453,Germany,Thuringia,Weimar,Central
454,France,Nord-Pas-de-Calais-Picardie,Outreau,Central
455,Netherlands,North Brabant,Eindhoven,Central
456,Germany,North Rhine-Westphalia,Dorsten,Central
457,United Kingdom,England,Gateshead,North
458,Netherlands,North Brabant,Tilburg,Central
459,United Kingdom,Scotland,Aberdeen,North
460,France,Ile-de-France,Malakoff,Central
461,Finland,Uusimaa,Espoo,North
462,France,Ile-de-France,Conflans-Sainte-Honorine,Central
463,United Kingdom,England,Bradford,North
464,Germany,North Rhine-Westphalia,Euskirchen,Central
465,United Kingdom,England,Poole,North
466,United Kingdom,Wales,Cardiff,North
467,Spain,Valenciana,Benidorm,South
468,Belgium,Limburg,Hasselt,Central
469,France,Languedoc-Roussillon-Midi-Pyrénées,Mauguio,Central
470,United Kingdom,England,Rotherham,North
471,United Kingdom,England,West Bromwich,North
472,France,Auvergne-Rhône-Alpes,Annecy,Central
473,France,Ile-de-France,Montesson,Central
474,Germany,North Rhine-Westphalia,Erftstadt,Central
475,Italy,Campania,Marano di Napoli,South
476,France,Ile-de-France,Saint-Michel-sur-Orge,Central
477,United Kingdom,England,Oxford,North
478,Denmark,Hovedstaden,Frederiksberg,North
479,Germany,North Rhine-Westphalia,Dormagen,Central
480,Spain,Madrid,Parla,South
481,Netherlands,South Holland,Capelle aan den IJssel,Central
482,France,Bourgogne-Franche-Comté,Lons-le-Saunier,Central
483,Netherlands,South Holland,Schiedam,Central
484,Finland,Kymenlaakso,Kotka,North
485,Netherlands,Friesland,Leeuwarden,Central
486,France,Ile-de-France,Chelles,Central
487,Germany,Saxony,Chemnitz,Central
488,Switzerland,Zürich,Winterthur,Central
489,Sweden,Stockholm,Huddinge,North
490,Portugal,Braga,Guimarães,South
491,France,Ile-de-France,Tremblay-en-France,Central
492,France,Aquitaine-Limousin-Poitou-Charentes,La Teste-de-Buch,Central
493,Italy,Lazio,Velletri,South
494,Germany,Hesse,Langen,Central
495,Italy,Lombardy,Cremona,South
496,United Kingdom,England,Rugby,North
497,France,Languedoc-Roussillon-Midi-Pyrénées,Narbonne,Central
498,France,Centre-Val de Loire,Tours,Central
499,France,Ile-de-France,Villemomble,Central
500,Spain,Basque Country,Irun,South
501,Spain,Castile and León,Burgos,South
502,United Kingdom,England,Harlow,North
503,United Kingdom,England,Fareham,North
504,Italy,Campania,Cercola,South
505,France,Ile-de-France,Mantes-la-Jolie,Central
506,France,Nord-Pas-de-Calais-Picardie,Soissons,Central
507,Italy,Apulia,Barletta,South
508,Spain,Andalusía,San Fernando,South
509,Italy,Emilia-Romagna,Imola,South
510,France,Provence-Alpes-Côte d'Azur,Avignon,Central
511,France,Brittany,Brest,Central
512,France,Pays de la Loire,Angers,Central
513,France,Ile-de-France,Clamart,Central
514,Germany,Lower Saxony,Oldenburg,Central
515,France,Alsace-Champagne-Ardenne-Lorraine,Nancy,Central
516,France,Ile-de-France,Palaiseau,Central
517,Germany,Baden-Württemberg,Heidelberg,Central
518,France,Ile-de-France,Guyancourt,Central
519,United Kingdom,England,Widnes,North
520,France,Ile-de-France,Bonneuil-sur-Marne,Central
521,France,Normandy,Mont-Saint-Aignan,Central
522,Germany,North Rhine-Westphalia,Marl,Central
523,Portugal,Aveiro,Feira,South
524,Germany,Lower Saxony,Munster,Central
525,Spain,Basque Country,San Sebastian,South
526,France,Ile-de-France,Massy,Central
527,Germany,Brandenburg,Brandenburg,Central
528,France,Nord-Pas-de-Calais-Picardie,Lens,Central
529,France,Aquitaine-Limousin-Poitou-Charentes,Le Bouscat,Central
530,France,Ile-de-France,Aubervilliers,Central
531,Spain,Madrid,El Escorial,South
532,Spain,Andalusía,Jerez de la Frontera,South
533,Netherlands,South Holland,Alphen aan den Rijn,Central
534,France,Auvergne-Rhône-Alpes,Villefontaine,Central
535,Germany,North Rhine-Westphalia,Bottrop,Central
536,France,Ile-de-France,Boulogne-Billancourt,Central
537,Italy,Marche,Pesaro,South
538,United Kingdom,England,Taunton,North
539,France,Ile-de-France,Villiers-le-Bel,Central
540,Germany,North Rhine-Westphalia,Ennigerloh,Central
541,Spain,Andalusía,Granada,South
542,Sweden,Stockholm,Solna,North
543,Italy,Lazio,Pomezia,South
544,France,Nord-Pas-de-Calais-Picardie,Creil,Central
545,Germany,North Rhine-Westphalia,Paderborn,Central
546,France,Nord-Pas-de-Calais-Picardie,Valenciennes,Central
547,Ireland,Dublin,Tallaght,North
548,Netherlands,Utrecht,Amersfoort,Central
549,France,Provence-Alpes-Côte d'Azur,Marignane,Central
550,Germany,Saarland,Neunkirchen,Central
551,France,Centre-Val de Loire,Bourges,Central
552,France,Ile-de-France,Savigny-le-Temple,Central
553,France,Nord-Pas-de-Calais-Picardie,Abbeville,Central
554,United Kingdom,England,Sale,North
555,United Kingdom,England,Eastbourne,North
556,Italy,Emilia-Romagna,Modena,South
557,Germany,Baden-Württemberg,Bad Waldsee,Central
558,Germany,North Rhine-Westphalia,Gummersbach,Central
559,France,Auvergne-Rhône-Alpes,Vichy,Central
560,Sweden,Skåne,Helsingborg,North
561,France,Brittany,Pontivy,Central
562,France,Ile-de-France,Bondy,Central
563,Italy,Piedmont,Cuneo,South
564,France,Normandy,Flers,Central
565,Germany,Lower Saxony,Emden,Central
566,France,Languedoc-Roussillon-Midi-Pyrénées,Colomiers,Central
567,France,Auvergne-Rhône-Alpes,Annemasse,Central
568,Spain,Catalonia,Granollers,South
569,United Kingdom,England,Chesterfield,North
570,Germany,North Rhine-Westphalia,Lippstadt,Central
571,Italy,Apulia,Taranto,South
572,France,Bourgogne-Franche-Comté,Mâcon,Central
573,France,Provence-Alpes-Côte d'Azur,Sorgues,Central
574,United Kingdom,England,Bedford,North
575,France,Ile-de-France,Domont,Central
576,France,Languedoc-Roussillon-Midi-Pyrénées,Millau,Central
577,France,Aquitaine-Limousin-Poitou-Charentes,Brive-la-Gaillarde,Central
578,France,Nord-Pas-de-Calais-Picardie,Douai,Central
579,United Kingdom,England,Lincoln,North
580,Netherlands,Utrecht,Zeist,Central
581,Germany,Baden-Württemberg,Waiblingen,Central
582,Germany,North Rhine-Westphalia,Kerpen,Central
583,France,Ile-de-France,Lagny-sur-Marne,Central
584,Spain,Basque Country,Getxo,South
585,France,Ile-de-France,Gonesse,Central
586,United Kingdom,England,Bury,North
587,France,Ile-de-France,Livry-Gargan,Central
588,France,Centre-Val de Loire,Montargis,Central
589,France,Aquitaine-Limousin-Poitou-Charentes,Tulle,Central
590,France,Ile-de-France,Mitry-Mory,Central
591,Belgium,Antwerp,Mechelen,Central
592,United Kingdom,England,Dewsbury,North
593,Italy,Campania,Capua,South
594,France,Ile-de-France,Le Plessis-Robinson,Central
595,France,Ile-de-France,Meudon,Central
596,United Kingdom,England,Basingstoke,North
597,Italy,Tuscany,Montecatini Terme,South
598,Spain,Andalusía,Huelva,South
599,United Kingdom,England,Swindon,North
600,France,Ile-de-France,Bagneux,Central
601,United Kingdom,England,Gillingham,North
602,France,Ile-de-France,Les Mureaux,Central
603,France,Alsace-Champagne-Ardenne-Lorraine,Schiltigheim,Central
604,Germany,Bavaria,Günzburg,Central
605,Germany,North Rhine-Westphalia,Unna,Central
606,France,Nord-Pas-de-Calais-Picardie,Coudekerque-Branche,Central
607,Germany,Bavaria,Erlangen,Central
608,France,Normandy,Caen,Central
609,Netherlands,Overijssel,Deventer,Central
610,France,Pays de la Loire,Saint-Nazaire,Central
611,France,Nord-Pas-de-Calais-Picardie,Calais,Central
612,France,Pays de la Loire,Le Mans,Central
613,Germany,Bavaria,Bayreuth,Central
614,France,Ile-de-France,Evry,Central
615,United Kingdom,Wales,Swansea,North
616,United Kingdom,England,Margate,North
617,France,Nord-Pas-de-Calais-Picardie,Faches-Thumesnil,Central
618,Germany,North Rhine-Westphalia,Bergheim,Central
619,Belgium,East Flanders,Hamme,Central
620,Germany,Rhineland-Palatinate,Worms,Central
621,France,Ile-de-France,Pontault-Combault,Central
622,Germany,Baden-Württemberg,Eggenstein-Leopoldshafen,Central
623,Germany,North Rhine-Westphalia,Grevenbroich,Central
624,Italy,Friuli-Venezia Giulia,Trieste,South
625,France,Ile-de-France,Neuilly-Plaisance,Central
626,Netherlands,Limburg,Sittard,Central
627,Netherlands,South Holland,Spijkenisse,Central
628,France,Ile-de-France,Les Ulis,Central
629,Spain,Balearic Islands,Palma de Mallorca,South
630,United Kingdom,England,Chelmsford,North
631,United Kingdom,England,Ferndown,North
632,France,Ile-de-France,Saint-Cloud,Central
633,France,Ile-de-France,Choisy-le-Roi,Central
634,France,Languedoc-Roussillon-Midi-Pyrénées,Agde,Central
635,France,Alsace-Champagne-Ardenne-Lorraine,Saint-Louis,Central
636,France,Nord-Pas-de-Calais-Picardie,Hazebrouck,Central
637,Spain,Extremadura,Badajoz,South
638,Italy,Piedmont,Moncalieri,South
639,France,Nord-Pas-de-Calais-Picardie,Amiens,Central
640,Italy,Sicily,Acireale,South
641,Netherlands,North Holland,Hilversum,Central
642,France,Ile-de-France,Clichy,Central
643,France,Auvergne-Rhône-Alpes,Albertville,Central
644,France,Auvergne-Rhône-Alpes,Bourgoin-Jallieu,Central
645,Italy,Basilicata,Potenza,South
646,Italy,Campania,Torre del Greco,South
647,United Kingdom,England,Oldham,North
648,France,Ile-de-France,Saint-Denis,Central
649,United Kingdom,England,Liverpool,North
650,Spain,Catalonia,Sabadell,South
651,France,Ile-de-France,Montmorency,Central
652,United Kingdom,England,Stoke-on-Trent,North
653,Spain,Castile-La Mancha,Albacete,South
654,France,Bourgogne-Franche-Comté,Auxerre,Central
655,Spain,Castile-La Mancha,Talavera de la Reina,South
656,Italy,Apulia,Bisceglie,South
657,United Kingdom,England,Northwich,North
658,France,Ile-de-France,Issy-les-Moulineaux,Central
659,United Kingdom,England,Bracknell,North
660,Spain,Basque Country,Vitoria,South
661,France,Provence-Alpes-Côte d'Azur,Istres,Central
662,Spain,Andalusía,El Ejido,South
663,France,Provence-Alpes-Côte d'Azur,Toulon,Central
664,Italy,Lazio,Latina,South
665,France,Ile-de-France,Antony,Central
666,United Kingdom,Wales,Rhondda,North
667,Germany,North Rhine-Westphalia,Hilden,Central
668,Norway,Hedmark,Hamar,North
669,Spain,Catalonia,Castelldefels,South
670,France,Provence-Alpes-Côte d'Azur,Sanary-sur-Mer,Central
671,United Kingdom,England,Worthing,North
672,Spain,Madrid,Majadahonda,South
673,Spain,Andalusía,Cártama,South
674,Italy,Tuscany,Arezzo,South
675,France,Auvergne-Rhône-Alpes,Fontaine,Central
676,Spain,Madrid,Getafe,South
677,France,Ile-de-France,Chilly-Mazarin,Central
678,United Kingdom,England,Basildon,North
679,Belgium,Hainaut,Charleroi,Central
680,France,Aquitaine-Limousin-Poitou-Charentes,Pau,Central
681,Spain,Melilla,Melilla,South
682,France,Provence-Alpes-Côte d'Azur,Grasse,Central
683,France,Ile-de-France,Maisons-Laffitte,Central
684,France,Provence-Alpes-Côte d'Azur,Gap,Central
685,Netherlands,North Brabant,Bergen op Zoom,Central
686,France,Ile-de-France,Puteaux,Central
687,United Kingdom,England,Hereford,North
688,Italy,Campania,Battipaglia,South
689,United Kingdom,Wales,Clydach,North
690,France,Ile-de-France,Meaux,Central
691,Netherlands,North Brabant,Oosterhout,Central
692,Austria,Salzburg,Salzburg,Central
693,Spain,Castile and León,Palencia,South
694,France,Aquitaine-Limousin-Poitou-Charentes,Rochefort,Central
695,Italy,Campania,Portici,South
696,France,Aquitaine-Limousin-Poitou-Charentes,Blanquefort,Central
697,France,Pays de la Loire,Saint-Herblain,Central
698,France,Nord-Pas-de-Calais-Picardie,Lomme,Central
699,Spain,Murcia,Lorca,South
700,France,Auvergne-Rhône-Alpes,Bron,Central
701,Italy,Lombardy,Bergamo,South
702,Austria,Carinthia,Villach,Central
703,France,Aquitaine-Limousin-Poitou-Charentes,Cognac,Central
704,France,Alsace-Champagne-Ardenne-Lorraine,Haguenau,Central
705,France,Auvergne-Rhône-Alpes,Cournon-d'Auvergne,Central
706,United Kingdom,England,Solihull,North
707,Spain,Catalonia,El Prat de Llobregat,South
708,Germany,North Rhine-Westphalia,Solingen,Central
709,United Kingdom,England,Maidenhead,North
710,United Kingdom,England,Exeter,North
711,Italy,Marche,Fano,South
712,France,Languedoc-Roussillon-Midi-Pyrénées,Auch,Central
713,Netherlands,Zeeland,Terneuzen,Central
714,France,Auvergne-Rhône-Alpes,Saint-Chamond,Central
715,Germany,Rhineland-Palatinate,Mainz,Central
716,Netherlands,Utrecht,Veenendaal,Central
717,France,Ile-de-France,Versailles,Central
718,France,Provence-Alpes-Côte d'Azur,Six-Fours-les-Plages,Central
719,France,Languedoc-Roussillon-Midi-Pyrénées,Castelnau-le-Lez,Central
720,France,Ile-de-France,Ermont,Central
721,Italy,Lombardy,Monza,South
722,France,Aquitaine-Limousin-Poitou-Charentes,Gradignan,Central
723,Germany,Bavaria,Ingolstadt,Central
724,France,Alsace-Champagne-Ardenne-Lorraine,Thionville,Central
725,United Kingdom,England,Morley,North
726,Norway,Hordaland,Bergen,North
727,France,Languedoc-Roussillon-Midi-Pyrénées,Tournefeuille,Central
728,France,Ile-de-France,Athis-Mons,Central
729,France,Ile-de-France,Cachan,Central
730,France,Provence-Alpes-Côte d'Azur,Cagnes-sur-Mer,Central
731,Italy,Lazio,Civitavecchia,South
732,Italy,Campania,Boscoreale,South
733,Italy,Lombardy,Brescia,South
734,France,Provence-Alpes-Côte d'Azur,Arles,Central
735,Italy,Tuscany,Marina di Carrara,South
736,France,Ile-de-France,Gennevilliers,Central
737,Italy,Marche,Ancona,South
738,France,Auvergne-Rhône-Alpes,Cluses,Central
739,France,Provence-Alpes-Côte d'Azur,Le Pontet,Central
740,Switzerland,Lucerne,Lucerne,Central
741,Germany,Baden-Württemberg,Offenburg,Central
742,United Kingdom,England,Reading,North
743,United Kingdom,England,Hartlepool,North
744,United Kingdom,England,Barnsley,North
745,Germany,Brandenburg,Forst,Central
746,Germany,North Rhine-Westphalia,Bergisch Gladbach,Central
747,Sweden,Skåne,Lund,North
748,Italy,Emilia-Romagna,Faenza,South
749,France,Ile-de-France,Clichy-sous-Bois,Central
750,Netherlands,Limburg,Heerlen,Central
751,France,Languedoc-Roussillon-Midi-Pyrénées,Montauban,Central
752,France,Nord-Pas-de-Calais-Picardie,Carvin,Central
753,France,Ile-de-France,Villeneuve-Saint-Georges,Central
754,France,Languedoc-Roussillon-Midi-Pyrénées,Albi,Central
755,France,Ile-de-France,Sevran,Central
756,France,Alsace-Champagne-Ardenne-Lorraine,Saint-Dizier,Central
757,United Kingdom,England,Kettering,North
758,United Kingdom,England,Bournemouth,North
759,Italy,Apulia,Trani,South
760,France,Alsace-Champagne-Ardenne-Lorraine,Sarreguemines,Central
761,Italy,Lazio,Tivoli,South
762,United Kingdom,England,Letchworth,North
763,Austria,Carinthia,Klagenfurt,Central
764,Germany,Baden-Württemberg,Reutlingen,Central
765,Spain,Galicia,Pontevedra,South
766,France,Pays de la Loire,Saumur,Central
767,France,Aquitaine-Limousin-Poitou-Charentes,Poitiers,Central
768,Germany,Rhineland-Palatinate,Neuwied,Central
769,France,Ile-de-France,Fresnes,Central
770,Italy,Veneto,Chioggia,South
771,France,Auvergne-Rhône-Alpes,Montbrison,Central
772,France,Ile-de-France,Melun,Central
773,France,Auvergne-Rhône-Alpes,Bourg-en-Bresse,Central
774,Belgium,Liège,Verviers,Central
775,Netherlands,North Holland,Velsen,Central
776,France,Alsace-Champagne-Ardenne-Lorraine,Forbach,Central
777,Germany,Lower Saxony,Delmenhorst,Central
778,France,Ile-de-France,Saint-Germain-en-Laye,Central
779,Netherlands,North Brabant,Roosendaal,Central
780,Belgium,West Flanders,Roeselare,Central
781,France,Alsace-Champagne-Ardenne-Lorraine,Metz,Central
782,Germany,Hesse,Wetzlar,Central
783,France,Provence-Alpes-Côte d'Azur,Miramas,Central
784,Netherlands,South Holland,Vlaardingen,Central
785,United Kingdom,England,Burnley,North
786,Netherlands,Utrecht,Nieuwegein,Central
787,France,Ile-de-France,Thiais,Central
788,Spain,Galicia,Santiago de Compostela,South
789,France,Languedoc-Roussillon-Midi-Pyrénées,Sète,Central
790,France,Provence-Alpes-Côte d'Azur,La Ciotat,Central
791,Italy,Tuscany,Pistoia,South
792,United Kingdom,England,Redditch,North
793,Belgium,East Flanders,Aalst,Central
794,Germany,North Rhine-Westphalia,Wetter (Ruhr),Central
795,France,Normandy,Argentan,Central
796,Germany,Lower Saxony,Celle,Central
797,France,Ile-de-France,Viroflay,Central
798,France,Aquitaine-Limousin-Poitou-Charentes,Niort,Central
799,France,Provence-Alpes-Côte d'Azur,Martigues,Central
800,United Kingdom,England,Middlesbrough,North
801,France,Brittany,Lanester,Central
802,Switzerland,Bern,Berne,Central
803,Italy,Abruzzi,Teramo,South
804,France,Ile-de-France,Villeneuve-le-Roi,Central
805,United Kingdom,England,Great Yarmouth,North
806,Italy,Lombardy,Legnano,South
807,France,Ile-de-France,Franconville,Central
808,France,Ile-de-France,Roissy-en-Brie,Central
809,France,Ile-de-France,Stains,Central
810,Germany,North Rhine-Westphalia,Ratingen,Central
811,France,Alsace-Champagne-Ardenne-Lorraine,Bar-le-Duc,Central
812,United Kingdom,England,Wakefield,North
813,France,Auvergne-Rhône-Alpes,Annonay,Central
814,Spain,Castile-La Mancha,Cuenca,South
815,Belgium,Liège,Seraing,Central
816,Spain,Basque Country,Barakaldo,South
817,Italy,Campania,Acerra,South
818,Netherlands,North Holland,Uithoorn,Central
819,United Kingdom,England,Maidstone,North
820,United Kingdom,England,Halesowen,North
821,France,Ile-de-France,Les Pavillons-sous-Bois,Central
822,Netherlands,South Holland,Delft,Central
823,Italy,Campania,Caserta,South
824,France,Ile-de-France,Rueil-Malmaison,Central
825,Germany,North Rhine-Westphalia,Gladbeck,Central
826,United Kingdom,England,Dartford,North
827,Italy,Campania,Benevento,South
828,Italy,Emilia-Romagna,Carpi,South
829,France,Brittany,Saint-Brieuc,Central
830,France,Nord-Pas-de-Calais-Picardie,Berck,Central
831,France,Ile-de-France,Rambouillet,Central
832,Germany,Rhineland-Palatinate,Koblenz,Central
833,France,Alsace-Champagne-Ardenne-Lorraine,Illkirch-Graffenstaden,Central
834,Netherlands,Overijssel,Hengelo,Central
835,Germany,North Rhine-Westphalia,Witten,Central
836,France,Ile-de-France,Osny,Central
837,France,Nord-Pas-de-Calais-Picardie,Cambrai,Central
838,Italy,Campania,Avellino,South
839,United Kingdom,England,Shrewsbury,North
840,Germany,Schleswig-Holstein,Flensburg,Central
841,France,Nord-Pas-de-Calais-Picardie,Mons-en-Baroeul,Central
842,Germany,Baden-Württemberg,Aalen,Central
843,Spain,Madrid,Fuenlabrada,South
844,United Kingdom,England,Stafford,North
845,Belgium,Hainaut,Mouscron,Central
846,France,Ile-de-France,Sucy-en-Brie,Central
847,France,Ile-de-France,Moissy-Cramayel,Central
848,France,Nord-Pas-de-Calais-Picardie,Denain,Central
849,Belgium,Brussels,Brussels,Central
850,Germany,Saarland,Schiffweiler,Central
851,Germany,North Rhine-Westphalia,Gelsenkirchen,Central
852,United Kingdom,England,Bognor Regis,North
853,France,Ile-de-France,Le Chesnay,Central
854,Italy,Calabria,Cosenza,South
855,France,Ile-de-France,Pantin,Central
856,France,Auvergne-Rhône-Alpes,Vaulx-en-Velin,Central
857,Italy,Campania,Afragola,South
858,United Kingdom,England,Kidderminster,North
859,United Kingdom,England,Bath,North
860,Germany,Thuringia,Sonneberg,Central
861,France,Pays de la Loire,Les Herbiers,Central
862,Italy,Piedmont,Asti,South
863,France,Corsica,Bastia,Central
864,Italy,Marche,Falconara Marittima,South
865,Italy,Abruzzi,Chieti,South
866,Germany,North Rhine-Westphalia,Dinslaken,Central
867,Austria,Upper Austria,Wels,Central
868,France,Auvergne-Rhône-Alpes,Annecy-le-Vieux,Central
869,Sweden,Södermanland,Eskilstuna,North
870,Belgium,West Flanders,Kortrijk,Central
871,Denmark,Zealand,Kalundborg,North
872,France,Auvergne-Rhône-Alpes,Moulins,Central
873,Netherlands,North Brabant,Oss,Central
874,Italy,Lombardy,Varese,South
875,France,Normandy,Dieppe,Central
876,France,Ile-de-France,Saint-Gratien,Central
877,United Kingdom,England,Nuneaton,North
878,Netherlands,North Holland,Alkmaar,Central
879,France,Nord-Pas-de-Calais-Picardie,Wasquehal,Central
880,France,Ile-de-France,Colombes,Central
881,Ireland,Galway,Galway,North
882,United Kingdom,England,Dunstable,North
883,France,Ile-de-France,Vigneux-sur-Seine,Central
884,Spain,Catalonia,Badalona,South
885,France,Ile-de-France,Sarcelles,Central
886,United Kingdom,England,Brighton,North
887,Italy,Tuscany,Capannori,South
888,Spain,Castile-La Mancha,Guadalajara,South
889,Spain,Andalusía,Estepona,South
890,Germany,Lower Saxony,Wilhelmshaven,Central
891,Netherlands,North Holland,Den Helder,Central
892,France,Normandy,Bayeux,Central
893,Germany,North Rhine-Westphalia,Detmold,Central
894,France,Languedoc-Roussillon-Midi-Pyrénées,Pamiers,Central
895,United Kingdom,Scotland,Kilwinning,North
896,France,Centre-Val de Loire,Fleury-les-Aubrais,Central
897,France,Pays de la Loire,Carquefou,Central
898,Germany,Baden-Württemberg,Ludwigsburg,Central
899,Italy,Campania,Casoria,South
900,France,Ile-de-France,Trappes,Central
901,Netherlands,Limburg,Maastricht,Central
902,France,Ile-de-France,Bagnolet,Central
903,France,Ile-de-France,Limay,Central
904,France,Aquitaine-Limousin-Poitou-Charentes,Libourne,Central
905,Italy,Sicily,Agrigento,South
906,France,Nord-Pas-de-Calais-Picardie,Saint-Pol-sur-Mer,Central
907,Italy,Apulia,Andria,South
908,United Kingdom,England,Crawley,North
909,Italy,Tuscany,Pisa,South
910,Italy,Piedmont,Alessandria,South
911,France,Nord-Pas-de-Calais-Picardie,Avion,Central
912,France,Ile-de-France,Levallois-Perret,Central
913,Netherlands,Gelderland,Barneveld,Central
914,Italy,Lazio,Guidonia Montecelio,South
915,Italy,Apulia,Lecce,South
916,Netherlands,North Holland,Purmerend,Central
917,Italy,Lazio,Anzio,South
918,Sweden,Värmland,Karlstad,North
919,France,Auvergne-Rhône-Alpes,Voiron,Central
920,France,Nord-Pas-de-Calais-Picardie,Ronchin,Central
921,Germany,Brandenburg,Ludwigsfelde,Central
922,Italy,Apulia,San Severo,South
923,Italy,Liguria,La Spezia,South
924,France,Ile-de-France,Gagny,Central
925,France,Auvergne-Rhône-Alpes,Saint-Genis-Laval,Central
926,France,Ile-de-France,Torcy,Central
927,France,Aquitaine-Limousin-Poitou-Charentes,Villeneuve-sur-Lot,Central
928,Belgium,West Flanders,Bruges,Central
929,Italy,Lombardy,Treviglio,South
930,Denmark,South Denmark,Sonderborg,North
931,Germany,Lower Saxony,Garbsen,Central
932,United Kingdom,England,Washington,North
933,Germany,Hesse,Fulda,Central
934,France,Ile-de-France,Fontenay-sous-Bois,Central
935,Sweden,Stockholm,Upplands Väsby,North
936,Norway,Vest-Agder,Kristiansand,North
937,France,Provence-Alpes-Côte d'Azur,Pertuis,Central
938,France,Ile-de-France,Cormeilles-en-Parisis,Central
939,Switzerland,St. Gallen,St. Gallen,Central
940,United Kingdom,England,Doncaster,North
941,Spain,Andalusía,Chiclana de la Frontera,South
942,Germany,North Rhine-Westphalia,Borken,Central
943,France,Nord-Pas-de-Calais-Picardie,Villeneuve-d'Ascq,Central
944,Germany,North Rhine-Westphalia,Langenfeld,Central
945,France,Ile-de-France,Mantes-la-Ville,Central
946,Italy,Sicily,Ragusa,South
947,France,Provence-Alpes-Côte d'Azur,Salon-de-Provence,Central
948,Italy,Campania,Castellammare di Stabia,South
949,Netherlands,South Holland,Leiden,Central
950,France,Ile-de-France,Ivry-sur-Seine,Central
951,Germany,Hesse,Friedberg,Central
952,France,Ile-de-France,Plaisir,Central
953,United Kingdom,Wales,Briton Ferry,North
954,France,Nord-Pas-de-Calais-Picardie,Saint-Quentin,Central
955,France,Nord-Pas-de-Calais-Picardie,Senlis,Central
956,United Kingdom,England,Stourbridge,North
957,United Kingdom,England,Hemel Hempstead,North
958,France,Centre-Val de Loire,Saint-Jean-de-la-Ruelle,Central
959,Belgium,Hainaut,Tournai,Central
960,Germany,Baden-Württemberg,Sindelfingen,Central
961,France,Provence-Alpes-Côte d'Azur,Vitrolles,Central
962,France,Brittany,Ploemeur,Central
963,France,Ile-de-France,Coulommiers,Central
964,France,Alsace-Champagne-Ardenne-Lorraine,Epinal,Central
965,Italy,Emilia-Romagna,Piacenza,South
966,Netherlands,Gelderland,Doetinchem,Central
967,France,Ile-de-France,Villejuif,Central
968,Germany,North Rhine-Westphalia,Willich,Central
969,France,Auvergne-Rhône-Alpes,Issoire,Central
970,France,Normandy,Louviers,Central
971,Belgium,Limburg,Peer,Central
972,Portugal,Lisboa,Loures,South
973,United Kingdom,England,South Shields,North
974,France,Ile-de-France,Sartrouville,Central
975,France,Provence-Alpes-Côte d'Azur,Carpentras,Central
976,France,Brittany,Concarneau,Central
977,United Kingdom,England,Torquay,North
978,Germany,Rhineland-Palatinate,Kaiserslautern,Central
979,Germany,Lower Saxony,Cuxhaven,Central
980,United Kingdom,England,Gravesend,North
981,Italy,Liguria,Savona,South
982,Italy,Lazio,Viterbo,South
983,France,Ile-de-France,Le Pré-Saint-Gervais,Central
984,Italy,Sicily,Modica,South
985,Portugal,Braga,Braga,South
986,Sweden,Skåne,Landskrona,North
987,France,Auvergne-Rhône-Alpes,Aix-les-Bains,Central
988,United Kingdom,Scotland,Livingston,North
989,France,Nord-Pas-de-Calais-Picardie,Halluin,Central
990,France,Ile-de-France,Montgeron,Central
991,Italy,Apulia,Manfredonia,South
992,Spain,Castile and León,Segovia,South
993,France,Ile-de-France,Pierrefitte-sur-Seine,Central
994,France,Brittany,Lorient,Central
995,Netherlands,Limburg,Venlo,Central
996,France,Provence-Alpes-Côte d'Azur,Le Cannet,Central
997,Spain,Galicia,Ponteareas,South
998,Italy,Lombardy,Vigevano,South
999,Portugal,Setúbal,Arrentela,South
1000,United Kingdom,England,Clacton-on-Sea,North
1001,Spain,Valenciana,Sagunto,South
